AMINO_ACID,CODONS,1_LETTER_CODE,FREQUENCY,TOTAL COUNT,X,MLE,SE,LSE
Stop Codon,TAA,_,1,2,0.5,0.031,0.005480785,STOP CODON
Stop Codon,TAG,_,1,2,0.5,0.019,0.004317291,
Alanine,GCA,A,3,32,0.09375,0.004,0.001995996,0.001995996
Alanine,GCC,A,12,32,0.375,0.02,0.004427189,
Alanine,GCG,A,16,32,0.5,0.02,0.004427189,
Alanine,GCT,A,1,32,0.03125,0.004,0.001995996,0.001995996
Aspartic Acid,GAC,D,3,3,1,0.046,0.0066245,0.0066245
Glutamic Acid,GAA,E,1,10,0.1,0.003,0.001729451,0.001729451
Glutamic Acid,GAG,E,9,10,0.9,0.055,0.007209369,
Phenylalanine,TTC,F,8,8,1,0.053,0.007084561,0.007084561
Glycine,GGA,G,3,23,0.130434783,0.006,0.00244213,0.00244213
Glycine,GGC,G,8,23,0.347826087,0.022,0.004638534,
Glycine,GGG,G,12,23,0.52173913,0.026,0.005032296,
Histidine,CAC,H,4,4,1,0.058,0.007391617,0.007391617
Isoleucine,ATC,I,8,9,0.888888889,0.04,0.006196773,
Isoleucine,ATT,I,1,9,0.111111111,0.008,0.002817091,0.002817091
Lysine,AAA,K,1,9,0.111111111,0.009,0.002986469,0.002986469
Lysine,AAG,K,8,9,0.888888889,0.056,0.007270763,
Leucine,CTA,L,3,39,0.076923077,0.002,0.001412799,
Leucine,CTC,L,7,39,0.179487179,0.012,0.003443254,
Leucine,CTG,L,25,39,0.641025641,0.034,0.005730969,
Leucine,CTT,L,1,39,0.025641026,0.001,0.0009995,0.0009995
Leucine,TTA,L,1,39,0.025641026,0.002,0.001412799,
Leucine,TTG,L,2,39,0.051282051,0.001,0.0009995,
Methionine,ATG,M,4,4,1,0.046,0.0066245,0.0066245
Proline,CCA,P,1,10,0.1,0.002,0.001412799,0.001412799
Proline,CCG,P,9,10,0.9,0.056,0.007270763,
Glutamine,CAA,Q,1,13,0.076923077,0.001,0.0009995,0.0009995
Glutamine,CAG,Q,12,13,0.923076923,0.052,0.007021111,
Arginine,AGG,R,3,14,0.214285714,0.017,0.004087909,
Arginine,CGC,R,9,14,0.642857143,0.027,0.005125524,
Arginine,CGG,R,2,14,0.142857143,0.006,0.00244213,0.00244213
Serine,AGC,S,2,21,0.095238095,0.003,0.001729451,0.001729451
Serine,TCC,S,11,21,0.523809524,0.028,0.005216896,
Serine,TCG,S,8,21,0.380952381,0.021,0.004534203,
Threonine,ACA,T,1,20,0.05,0.004,0.001995996,0.001995996
Threonine,ACC,T,8,20,0.4,0.02,0.004427189,
Threonine,ACG,T,10,20,0.5,0.028,0.005216896,
Threonine,ACT,T,1,20,0.05,0.004,0.001995996,
Valine,GTA,V,2,30,0.066666667,0.003,0.001729451,0.001729451
Valine,GTC,V,6,30,0.2,0.012,0.003443254,
Valine,GTG,V,21,30,0.7,0.03,0.005394442,
Valine,GTT,V,1,30,0.033333333,0.003,0.001729451,0.001729451
Tryptophan,TGG,W,2,2,1,0.053,0.007084561,0.007084561
Tyrosine,TAC,Y,4,4,1,0.052,0.007021111,0.007021111
